sampleId,verifier,frontCount,rightCount,backCount,leftCount,visibilityIssues,countMethod,reviewedAt
smp94cc5e9a183c2bbd2bcbac96,,,,,,,,
smpafa628cbcc8cac375847237a,,,,,,,,
smp2f059ea922ed0aec2e343d39,,,,,,,,
smpe905b90794da065feb5bd67f,,,,,,,,
smpcd2395481e3541bbb877bb97,,,,,,,,
smp6dd116dfe942aeae6c47e9bf,,,,,,,,
smpdcec706b7ec1b757b15cc773,,,,,,,,
smpad7bf0a94ece9f719065bbbf,,,,,,,,
smp5d8a207ac037932d8d762670,,,,,,,,
smp118fa8c60854973d0531c737,,,,,,,,
smp589493004f61688bb1de1718,,,,,,,,
smp7ffb17266865ec52dd35a81f,,,,,,,,
smpd628fcab42e2e0dc4bfad169,,,,,,,,
smp930eb97a66073238b6fa80d1,,,,,,,,
smp6d2233fd97d5d36d02862f48,,,,,,,,
smp385c5ac5b850ced7f43eb113,,,,,,,,
smpb8910c9e97e1ce0d4206571a,,,,,,,,
smp022ac9c74ba95fd9ab85aa70,,,,,,,,
smpdbef7ff4e6bbe0c93ac4b7a6,,,,,,,,
smpb6ed7195cf9fa31020c182a4,,,,,,,,
